[{"@type":"mappingTemplate","id":"@1","name":"Mapping_RESTV2","description":"","autoExpireObject":false,"bundleVersion":"0","assetFrsGuid":"0B24fnbPg3LkaO8shXxeE4","templateId":"@3","hasParameters":false,"valid":true,"fixedConnection":true,"hasParametersDeployed":false,"fixedConnectionDeployed":false,"isSchemaValidationEnabled":false,"tasks":0,"mappingPreviewFileRecordId":"@2","documentType":"MAPPING","allowMaxFieldLength":false,"references":[{"@type":"reference","refObjectId":"@ltMUS3QJmqlknoixaX5G2e","refType":"connection"},{"@type":"reference","refObjectId":"@6rVx2YdFa21j8X9pd5ouSn","refType":"connection"}]}]